folder,dbscan_eps,cluster_keep_ratio,sparse_percentile,residual_threshold,score,fit_ratio,coverage,hough_count,mesh_count
Data/TestData1,0.12,0.15,85,0.06,-0.04973381465631749,1.4457443302404884,0.24,24826,37092
Data/TestData1,0.12,0.15,85,0.08,-0.04973381465631749,1.4457443302404884,0.24,24826,37092
Data/TestData1,0.12,0.15,85,0.1,-0.04973381465631749,1.4457443302404884,0.24,24826,37092
Data/TestData1,0.12,0.15,90,0.06,0.12453650930497445,1.3930207549154239,0.38,18700,36168
Data/TestData1,0.12,0.15,90,0.08,0.12453650930497445,1.3930207549154239,0.38,18700,36168
Data/TestData1,0.12,0.15,90,0.1,0.12453650930497445,1.3930207549154239,0.38,18700,36168
Data/TestData1,0.12,0.15,95,0.06,0.08090711538558829,1.290912130176018,0.27,9174,34848
Data/TestData1,0.12,0.15,95,0.08,0.08090711538558829,1.290912130176018,0.27,9174,34848
Data/TestData1,0.12,0.15,95,0.1,0.08090711538558829,1.290912130176018,0.27,9174,34848
Data/TestData1,0.12,0.25,85,0.06,-0.04973381465631749,1.4457443302404884,0.24,24826,37092
Data/TestData1,0.12,0.25,85,0.08,-0.04973381465631749,1.4457443302404884,0.24,24826,37092
Data/TestData1,0.12,0.25,85,0.1,-0.04973381465631749,1.4457443302404884,0.24,24826,37092
Data/TestData1,0.12,0.25,90,0.06,0.12453650930497445,1.3930207549154239,0.38,18700,36168
Data/TestData1,0.12,0.25,90,0.08,0.12453650930497445,1.3930207549154239,0.38,18700,36168
Data/TestData1,0.12,0.25,90,0.1,0.12453650930497445,1.3930207549154239,0.38,18700,36168
Data/TestData1,0.12,0.25,95,0.06,0.08090711538558829,1.290912130176018,0.27,9174,34848
Data/TestData1,0.12,0.25,95,0.08,0.08090711538558829,1.290912130176018,0.27,9174,34848
Data/TestData1,0.12,0.25,95,0.1,0.08090711538558829,1.290912130176018,0.27,9174,34848
Data/TestData1,0.12,0.35,85,0.06,-0.04973381465631749,1.4457443302404884,0.24,24826,37092
Data/TestData1,0.12,0.35,85,0.08,-0.04973381465631749,1.4457443302404884,0.24,24826,37092
Data/TestData1,0.12,0.35,85,0.1,-0.04973381465631749,1.4457443302404884,0.24,24826,37092
Data/TestData1,0.12,0.35,90,0.06,0.12453650930497445,1.3930207549154239,0.38,18700,36168
Data/TestData1,0.12,0.35,90,0.08,0.12453650930497445,1.3930207549154239,0.38,18700,36168
Data/TestData1,0.12,0.35,90,0.1,0.12453650930497445,1.3930207549154239,0.38,18700,36168
Data/TestData1,0.12,0.35,95,0.06,0.08090711538558829,1.290912130176018,0.27,9174,34848
Data/TestData1,0.12,0.35,95,0.08,0.08090711538558829,1.290912130176018,0.27,9174,34848
Data/TestData1,0.12,0.35,95,0.1,0.08090711538558829,1.290912130176018,0.27,9174,34848
Data/TestData1,0.18,0.15,85,0.06,-0.04973381465631749,1.4457443302404884,0.24,24826,37092
Data/TestData1,0.18,0.15,85,0.08,-0.04973381465631749,1.4457443302404884,0.24,24826,37092
Data/TestData1,0.18,0.15,85,0.1,-0.04973381465631749,1.4457443302404884,0.24,24826,37092
Data/TestData1,0.18,0.15,90,0.06,0.12453650930497445,1.3930207549154239,0.38,18700,36168
Data/TestData1,0.18,0.15,90,0.08,0.12453650930497445,1.3930207549154239,0.38,18700,36168
Data/TestData1,0.18,0.15,90,0.1,0.12453650930497445,1.3930207549154239,0.38,18700,36168
Data/TestData1,0.18,0.15,95,0.06,0.08090711538558829,1.290912130176018,0.27,9174,34848
Data/TestData1,0.18,0.15,95,0.08,0.08090711538558829,1.290912130176018,0.27,9174,34848
Data/TestData1,0.18,0.15,95,0.1,0.08090711538558829,1.290912130176018,0.27,9174,34848
Data/TestData1,0.18,0.25,85,0.06,-0.04973381465631749,1.4457443302404884,0.24,24826,37092
Data/TestData1,0.18,0.25,85,0.08,-0.04973381465631749,1.4457443302404884,0.24,24826,37092
Data/TestData1,0.18,0.25,85,0.1,-0.04973381465631749,1.4457443302404884,0.24,24826,37092
Data/TestData1,0.18,0.25,90,0.06,0.12453650930497445,1.3930207549154239,0.38,18700,36168
Data/TestData1,0.18,0.25,90,0.08,0.12453650930497445,1.3930207549154239,0.38,18700,36168
Data/TestData1,0.18,0.25,90,0.1,0.12453650930497445,1.3930207549154239,0.38,18700,36168
Data/TestData1,0.18,0.25,95,0.06,0.08090711538558829,1.290912130176018,0.27,9174,34848
Data/TestData1,0.18,0.25,95,0.08,0.08090711538558829,1.290912130176018,0.27,9174,34848
Data/TestData1,0.18,0.25,95,0.1,0.08090711538558829,1.290912130176018,0.27,9174,34848
Data/TestData1,0.18,0.35,85,0.06,-0.04973381465631749,1.4457443302404884,0.24,24826,37092
Data/TestData1,0.18,0.35,85,0.08,-0.04973381465631749,1.4457443302404884,0.24,24826,37092
Data/TestData1,0.18,0.35,85,0.1,-0.04973381465631749,1.4457443302404884,0.24,24826,37092
Data/TestData1,0.18,0.35,90,0.06,0.12453650930497445,1.3930207549154239,0.38,18700,36168
Data/TestData1,0.18,0.35,90,0.08,0.12453650930497445,1.3930207549154239,0.38,18700,36168
Data/TestData1,0.18,0.35,90,0.1,0.12453650930497445,1.3930207549154239,0.38,18700,36168
Data/TestData1,0.18,0.35,95,0.06,0.08090711538558829,1.290912130176018,0.27,9174,34848
Data/TestData1,0.18,0.35,95,0.08,0.08090711538558829,1.290912130176018,0.27,9174,34848
Data/TestData1,0.18,0.35,95,0.1,0.08090711538558829,1.290912130176018,0.27,9174,34848
Data/TestData1,0.24,0.15,85,0.06,-0.04973381465631749,1.4457443302404884,0.24,24826,37092
Data/TestData1,0.24,0.15,85,0.08,-0.04973381465631749,1.4457443302404884,0.24,24826,37092
Data/TestData1,0.24,0.15,85,0.1,-0.04973381465631749,1.4457443302404884,0.24,24826,37092
Data/TestData1,0.24,0.15,90,0.06,0.12453650930497445,1.3930207549154239,0.38,18700,36168
Data/TestData1,0.24,0.15,90,0.08,0.12453650930497445,1.3930207549154239,0.38,18700,36168
Data/TestData1,0.24,0.15,90,0.1,0.12453650930497445,1.3930207549154239,0.38,18700,36168
Data/TestData1,0.24,0.15,95,0.06,0.08090711538558829,1.290912130176018,0.27,9174,34848
Data/TestData1,0.24,0.15,95,0.08,0.08090711538558829,1.290912130176018,0.27,9174,34848
Data/TestData1,0.24,0.15,95,0.1,0.08090711538558829,1.290912130176018,0.27,9174,34848
Data/TestData1,0.24,0.25,85,0.06,-0.04973381465631749,1.4457443302404884,0.24,24826,37092
Data/TestData1,0.24,0.25,85,0.08,-0.04973381465631749,1.4457443302404884,0.24,24826,37092
Data/TestData1,0.24,0.25,85,0.1,-0.04973381465631749,1.4457443302404884,0.24,24826,37092
Data/TestData1,0.24,0.25,90,0.06,0.12453650930497445,1.3930207549154239,0.38,18700,36168
Data/TestData1,0.24,0.25,90,0.08,0.12453650930497445,1.3930207549154239,0.38,18700,36168
Data/TestData1,0.24,0.25,90,0.1,0.12453650930497445,1.3930207549154239,0.38,18700,36168
Data/TestData1,0.24,0.25,95,0.06,0.08090711538558829,1.290912130176018,0.27,9174,34848
Data/TestData1,0.24,0.25,95,0.08,0.08090711538558829,1.290912130176018,0.27,9174,34848
Data/TestData1,0.24,0.25,95,0.1,0.08090711538558829,1.290912130176018,0.27,9174,34848
Data/TestData1,0.24,0.35,85,0.06,-0.04973381465631749,1.4457443302404884,0.24,24826,37092
Data/TestData1,0.24,0.35,85,0.08,-0.04973381465631749,1.4457443302404884,0.24,24826,37092
Data/TestData1,0.24,0.35,85,0.1,-0.04973381465631749,1.4457443302404884,0.24,24826,37092
Data/TestData1,0.24,0.35,90,0.06,0.12453650930497445,1.3930207549154239,0.38,18700,36168
Data/TestData1,0.24,0.35,90,0.08,0.12453650930497445,1.3930207549154239,0.38,18700,36168
Data/TestData1,0.24,0.35,90,0.1,0.12453650930497445,1.3930207549154239,0.38,18700,36168
Data/TestData1,0.24,0.35,95,0.06,0.08090711538558829,1.290912130176018,0.27,9174,34848
Data/TestData1,0.24,0.35,95,0.08,0.08090711538558829,1.290912130176018,0.27,9174,34848
Data/TestData1,0.24,0.35,95,0.1,0.08090711538558829,1.290912130176018,0.27,9174,34848
Data/TestData2,0.12,0.15,85,0.06,-0.08564577136583987,0.5297757363602463,0.22,40203,43068
Data/TestData2,0.12,0.15,85,0.08,-0.08564577136583987,0.5297757363602463,0.22,40203,43068
Data/TestData2,0.12,0.15,85,0.1,-0.08564577136583987,0.5297757363602463,0.22,40203,43068
Data/TestData2,0.12,0.15,90,0.06,-0.13441897795538915,0.5162784954532474,0.18,28833,42476
Data/TestData2,0.12,0.15,90,0.08,-0.13441897795538915,0.5162784954532474,0.18,28833,42476
Data/TestData2,0.12,0.15,90,0.1,-0.13441897795538915,0.5162784954532474,0.18,28833,42476
Data/TestData2,0.12,0.15,95,0.06,-0.16778921030411023,0.4957089072244458,0.16,15046,41588
Data/TestData2,0.12,0.15,95,0.08,-0.16778921030411023,0.4957089072244458,0.16,15046,41588
Data/TestData2,0.12,0.15,95,0.1,-0.16778921030411023,0.4957089072244458,0.16,15046,41588
Data/TestData2,0.12,0.25,85,0.06,-0.08564577136583987,0.5297757363602463,0.22,40203,43068
Data/TestData2,0.12,0.25,85,0.08,-0.08564577136583987,0.5297757363602463,0.22,40203,43068
Data/TestData2,0.12,0.25,85,0.1,-0.08564577136583987,0.5297757363602463,0.22,40203,43068
Data/TestData2,0.12,0.25,90,0.06,-0.13441897795538915,0.5162784954532474,0.18,28833,42476
Data/TestData2,0.12,0.25,90,0.08,-0.13441897795538915,0.5162784954532474,0.18,28833,42476
Data/TestData2,0.12,0.25,90,0.1,-0.13441897795538915,0.5162784954532474,0.18,28833,42476
Data/TestData2,0.12,0.25,95,0.06,-0.16778921030411023,0.4957089072244458,0.16,15046,41588
Data/TestData2,0.12,0.25,95,0.08,-0.16778921030411023,0.4957089072244458,0.16,15046,41588
Data/TestData2,0.12,0.25,95,0.1,-0.16778921030411023,0.4957089072244458,0.16,15046,41588
Data/TestData2,0.12,0.35,85,0.06,-0.08564577136583987,0.5297757363602463,0.22,40203,43068
Data/TestData2,0.12,0.35,85,0.08,-0.08564577136583987,0.5297757363602463,0.22,40203,43068
Data/TestData2,0.12,0.35,85,0.1,-0.08564577136583987,0.5297757363602463,0.22,40203,43068
Data/TestData2,0.12,0.35,90,0.06,-0.13441897795538915,0.5162784954532474,0.18,28833,42476
Data/TestData2,0.12,0.35,90,0.08,-0.13441897795538915,0.5162784954532474,0.18,28833,42476
Data/TestData2,0.12,0.35,90,0.1,-0.13441897795538915,0.5162784954532474,0.18,28833,42476
Data/TestData2,0.12,0.35,95,0.06,-0.16778921030411023,0.4957089072244458,0.16,15046,41588
Data/TestData2,0.12,0.35,95,0.08,-0.16778921030411023,0.4957089072244458,0.16,15046,41588
Data/TestData2,0.12,0.35,95,0.1,-0.16778921030411023,0.4957089072244458,0.16,15046,41588
Data/TestData2,0.18,0.15,85,0.06,-0.08564577136583987,0.5297757363602463,0.22,40203,43068
Data/TestData2,0.18,0.15,85,0.08,-0.08564577136583987,0.5297757363602463,0.22,40203,43068
Data/TestData2,0.18,0.15,85,0.1,-0.08564577136583987,0.5297757363602463,0.22,40203,43068
Data/TestData2,0.18,0.15,90,0.06,-0.13441897795538915,0.5162784954532474,0.18,28833,42476
Data/TestData2,0.18,0.15,90,0.08,-0.13441897795538915,0.5162784954532474,0.18,28833,42476
Data/TestData2,0.18,0.15,90,0.1,-0.13441897795538915,0.5162784954532474,0.18,28833,42476
Data/TestData2,0.18,0.15,95,0.06,-0.16778921030411023,0.4957089072244458,0.16,15046,41588
Data/TestData2,0.18,0.15,95,0.08,-0.16778921030411023,0.4957089072244458,0.16,15046,41588
Data/TestData2,0.18,0.15,95,0.1,-0.16778921030411023,0.4957089072244458,0.16,15046,41588
Data/TestData2,0.18,0.25,85,0.06,-0.08564577136583987,0.5297757363602463,0.22,40203,43068
Data/TestData2,0.18,0.25,85,0.08,-0.08564577136583987,0.5297757363602463,0.22,40203,43068
Data/TestData2,0.18,0.25,85,0.1,-0.08564577136583987,0.5297757363602463,0.22,40203,43068
Data/TestData2,0.18,0.25,90,0.06,-0.13441897795538915,0.5162784954532474,0.18,28833,42476
Data/TestData2,0.18,0.25,90,0.08,-0.13441897795538915,0.5162784954532474,0.18,28833,42476
Data/TestData2,0.18,0.25,90,0.1,-0.13441897795538915,0.5162784954532474,0.18,28833,42476
Data/TestData2,0.18,0.25,95,0.06,-0.16778921030411023,0.4957089072244458,0.16,15046,41588
Data/TestData2,0.18,0.25,95,0.08,-0.16778921030411023,0.4957089072244458,0.16,15046,41588
Data/TestData2,0.18,0.25,95,0.1,-0.16778921030411023,0.4957089072244458,0.16,15046,41588
Data/TestData2,0.18,0.35,85,0.06,-0.08564577136583987,0.5297757363602463,0.22,40203,43068
Data/TestData2,0.18,0.35,85,0.08,-0.08564577136583987,0.5297757363602463,0.22,40203,43068
Data/TestData2,0.18,0.35,85,0.1,-0.08564577136583987,0.5297757363602463,0.22,40203,43068
Data/TestData2,0.18,0.35,90,0.06,-0.13441897795538915,0.5162784954532474,0.18,28833,42476
Data/TestData2,0.18,0.35,90,0.08,-0.13441897795538915,0.5162784954532474,0.18,28833,42476
Data/TestData2,0.18,0.35,90,0.1,-0.13441897795538915,0.5162784954532474,0.18,28833,42476
Data/TestData2,0.18,0.35,95,0.06,-0.16778921030411023,0.4957089072244458,0.16,15046,41588
Data/TestData2,0.18,0.35,95,0.08,-0.16778921030411023,0.4957089072244458,0.16,15046,41588
Data/TestData2,0.18,0.35,95,0.1,-0.16778921030411023,0.4957089072244458,0.16,15046,41588
Data/TestData2,0.24,0.15,85,0.06,-0.08564577136583987,0.5297757363602463,0.22,40203,43068
Data/TestData2,0.24,0.15,85,0.08,-0.08564577136583987,0.5297757363602463,0.22,40203,43068
Data/TestData2,0.24,0.15,85,0.1,-0.08564577136583987,0.5297757363602463,0.22,40203,43068
Data/TestData2,0.24,0.15,90,0.06,-0.13441897795538915,0.5162784954532474,0.18,28833,42476
Data/TestData2,0.24,0.15,90,0.08,-0.13441897795538915,0.5162784954532474,0.18,28833,42476
Data/TestData2,0.24,0.15,90,0.1,-0.13441897795538915,0.5162784954532474,0.18,28833,42476
Data/TestData2,0.24,0.15,95,0.06,-0.16778921030411023,0.4957089072244458,0.16,15046,41588
Data/TestData2,0.24,0.15,95,0.08,-0.16778921030411023,0.4957089072244458,0.16,15046,41588
Data/TestData2,0.24,0.15,95,0.1,-0.16778921030411023,0.4957089072244458,0.16,15046,41588
Data/TestData2,0.24,0.25,85,0.06,-0.08564577136583987,0.5297757363602463,0.22,40203,43068
Data/TestData2,0.24,0.25,85,0.08,-0.08564577136583987,0.5297757363602463,0.22,40203,43068
Data/TestData2,0.24,0.25,85,0.1,-0.08564577136583987,0.5297757363602463,0.22,40203,43068
Data/TestData2,0.24,0.25,90,0.06,-0.13441897795538915,0.5162784954532474,0.18,28833,42476
Data/TestData2,0.24,0.25,90,0.08,-0.13441897795538915,0.5162784954532474,0.18,28833,42476
Data/TestData2,0.24,0.25,90,0.1,-0.13441897795538915,0.5162784954532474,0.18,28833,42476
Data/TestData2,0.24,0.25,95,0.06,-0.16778921030411023,0.4957089072244458,0.16,15046,41588
Data/TestData2,0.24,0.25,95,0.08,-0.16778921030411023,0.4957089072244458,0.16,15046,41588
Data/TestData2,0.24,0.25,95,0.1,-0.16778921030411023,0.4957089072244458,0.16,15046,41588
Data/TestData2,0.24,0.35,85,0.06,-0.08564577136583987,0.5297757363602463,0.22,40203,43068
Data/TestData2,0.24,0.35,85,0.08,-0.08564577136583987,0.5297757363602463,0.22,40203,43068
Data/TestData2,0.24,0.35,85,0.1,-0.08564577136583987,0.5297757363602463,0.22,40203,43068
Data/TestData2,0.24,0.35,90,0.06,-0.13441897795538915,0.5162784954532474,0.18,28833,42476
Data/TestData2,0.24,0.35,90,0.08,-0.13441897795538915,0.5162784954532474,0.18,28833,42476
Data/TestData2,0.24,0.35,90,0.1,-0.13441897795538915,0.5162784954532474,0.18,28833,42476
Data/TestData2,0.24,0.35,95,0.06,-0.16778921030411023,0.4957089072244458,0.16,15046,41588
Data/TestData2,0.24,0.35,95,0.08,-0.16778921030411023,0.4957089072244458,0.16,15046,41588
Data/TestData2,0.24,0.35,95,0.1,-0.16778921030411023,0.4957089072244458,0.16,15046,41588
Data/TestData3,0.12,0.15,85,0.06,0.19699102302990268,1.2661676568770728,0.37,16941,27960
Data/TestData3,0.12,0.15,85,0.08,0.19699102302990268,1.2661676568770728,0.37,16941,27960
Data/TestData3,0.12,0.15,85,0.1,0.19699102302990268,1.2661676568770728,0.37,16941,27960
Data/TestData3,0.12,0.15,90,0.06,0.18515273067887475,1.2843804143401927,0.37,12278,28080
Data/TestData3,0.12,0.15,90,0.08,0.18515273067887475,1.2843804143401927,0.37,12278,28080
Data/TestData3,0.12,0.15,90,0.1,0.18515273067887475,1.2843804143401927,0.37,12278,28080
Data/TestData3,0.12,0.15,95,0.06,0.14805799822124785,1.1722184642750033,0.26,7050,26880
Data/TestData3,0.12,0.15,95,0.08,0.14805799822124785,1.1722184642750033,0.26,7050,26880
Data/TestData3,0.12,0.15,95,0.1,0.14805799822124785,1.1722184642750033,0.26,7050,26880
Data/TestData3,0.12,0.25,85,0.06,0.19699102302990268,1.2661676568770728,0.37,16941,27960
Data/TestData3,0.12,0.25,85,0.08,0.19699102302990268,1.2661676568770728,0.37,16941,27960
Data/TestData3,0.12,0.25,85,0.1,0.19699102302990268,1.2661676568770728,0.37,16941,27960
Data/TestData3,0.12,0.25,90,0.06,0.18515273067887475,1.2843804143401927,0.37,12278,28080
Data/TestData3,0.12,0.25,90,0.08,0.18515273067887475,1.2843804143401927,0.37,12278,28080
Data/TestData3,0.12,0.25,90,0.1,0.18515273067887475,1.2843804143401927,0.37,12278,28080
Data/TestData3,0.12,0.25,95,0.06,0.14805799822124785,1.1722184642750033,0.26,7050,26880
Data/TestData3,0.12,0.25,95,0.08,0.14805799822124785,1.1722184642750033,0.26,7050,26880
Data/TestData3,0.12,0.25,95,0.1,0.14805799822124785,1.1722184642750033,0.26,7050,26880
Data/TestData3,0.12,0.35,85,0.06,0.19699102302990268,1.2661676568770728,0.37,16941,27960
Data/TestData3,0.12,0.35,85,0.08,0.19699102302990268,1.2661676568770728,0.37,16941,27960
Data/TestData3,0.12,0.35,85,0.1,0.19699102302990268,1.2661676568770728,0.37,16941,27960
Data/TestData3,0.12,0.35,90,0.06,0.18515273067887475,1.2843804143401927,0.37,12278,28080
Data/TestData3,0.12,0.35,90,0.08,0.18515273067887475,1.2843804143401927,0.37,12278,28080
Data/TestData3,0.12,0.35,90,0.1,0.18515273067887475,1.2843804143401927,0.37,12278,28080
Data/TestData3,0.12,0.35,95,0.06,0.14805799822124785,1.1722184642750033,0.26,7050,26880
Data/TestData3,0.12,0.35,95,0.08,0.14805799822124785,1.1722184642750033,0.26,7050,26880
Data/TestData3,0.12,0.35,95,0.1,0.14805799822124785,1.1722184642750033,0.26,7050,26880
Data/TestData3,0.18,0.15,85,0.06,0.19699102302990268,1.2661676568770728,0.37,16941,27960
Data/TestData3,0.18,0.15,85,0.08,0.19699102302990268,1.2661676568770728,0.37,16941,27960
Data/TestData3,0.18,0.15,85,0.1,0.19699102302990268,1.2661676568770728,0.37,16941,27960
Data/TestData3,0.18,0.15,90,0.06,0.18515273067887475,1.2843804143401927,0.37,12278,28080
Data/TestData3,0.18,0.15,90,0.08,0.18515273067887475,1.2843804143401927,0.37,12278,28080
Data/TestData3,0.18,0.15,90,0.1,0.18515273067887475,1.2843804143401927,0.37,12278,28080
Data/TestData3,0.18,0.15,95,0.06,0.14805799822124785,1.1722184642750033,0.26,7050,26880
Data/TestData3,0.18,0.15,95,0.08,0.14805799822124785,1.1722184642750033,0.26,7050,26880
Data/TestData3,0.18,0.15,95,0.1,0.14805799822124785,1.1722184642750033,0.26,7050,26880
Data/TestData3,0.18,0.25,85,0.06,0.19699102302990268,1.2661676568770728,0.37,16941,27960
Data/TestData3,0.18,0.25,85,0.08,0.19699102302990268,1.2661676568770728,0.37,16941,27960
Data/TestData3,0.18,0.25,85,0.1,0.19699102302990268,1.2661676568770728,0.37,16941,27960
Data/TestData3,0.18,0.25,90,0.06,0.18515273067887475,1.2843804143401927,0.37,12278,28080
Data/TestData3,0.18,0.25,90,0.08,0.18515273067887475,1.2843804143401927,0.37,12278,28080
Data/TestData3,0.18,0.25,90,0.1,0.18515273067887475,1.2843804143401927,0.37,12278,28080
Data/TestData3,0.18,0.25,95,0.06,0.14805799822124785,1.1722184642750033,0.26,7050,26880
Data/TestData3,0.18,0.25,95,0.08,0.14805799822124785,1.1722184642750033,0.26,7050,26880
Data/TestData3,0.18,0.25,95,0.1,0.14805799822124785,1.1722184642750033,0.26,7050,26880
Data/TestData3,0.18,0.35,85,0.06,0.19699102302990268,1.2661676568770728,0.37,16941,27960
Data/TestData3,0.18,0.35,85,0.08,0.19699102302990268,1.2661676568770728,0.37,16941,27960
Data/TestData3,0.18,0.35,85,0.1,0.19699102302990268,1.2661676568770728,0.37,16941,27960
Data/TestData3,0.18,0.35,90,0.06,0.18515273067887475,1.2843804143401927,0.37,12278,28080
Data/TestData3,0.18,0.35,90,0.08,0.18515273067887475,1.2843804143401927,0.37,12278,28080
Data/TestData3,0.18,0.35,90,0.1,0.18515273067887475,1.2843804143401927,0.37,12278,28080
Data/TestData3,0.18,0.35,95,0.06,0.14805799822124785,1.1722184642750033,0.26,7050,26880
Data/TestData3,0.18,0.35,95,0.08,0.14805799822124785,1.1722184642750033,0.26,7050,26880
Data/TestData3,0.18,0.35,95,0.1,0.14805799822124785,1.1722184642750033,0.26,7050,26880
Data/TestData3,0.24,0.15,85,0.06,0.19699102302990268,1.2661676568770728,0.37,16941,27960
Data/TestData3,0.24,0.15,85,0.08,0.19699102302990268,1.2661676568770728,0.37,16941,27960
Data/TestData3,0.24,0.15,85,0.1,0.19699102302990268,1.2661676568770728,0.37,16941,27960
Data/TestData3,0.24,0.15,90,0.06,0.18515273067887475,1.2843804143401927,0.37,12278,28080
Data/TestData3,0.24,0.15,90,0.08,0.18515273067887475,1.2843804143401927,0.37,12278,28080
Data/TestData3,0.24,0.15,90,0.1,0.18515273067887475,1.2843804143401927,0.37,12278,28080
Data/TestData3,0.24,0.15,95,0.06,0.14805799822124785,1.1722184642750033,0.26,7050,26880
Data/TestData3,0.24,0.15,95,0.08,0.14805799822124785,1.1722184642750033,0.26,7050,26880
Data/TestData3,0.24,0.15,95,0.1,0.14805799822124785,1.1722184642750033,0.26,7050,26880
Data/TestData3,0.24,0.25,85,0.06,0.19699102302990268,1.2661676568770728,0.37,16941,27960
Data/TestData3,0.24,0.25,85,0.08,0.19699102302990268,1.2661676568770728,0.37,16941,27960
Data/TestData3,0.24,0.25,85,0.1,0.19699102302990268,1.2661676568770728,0.37,16941,27960
Data/TestData3,0.24,0.25,90,0.06,0.18515273067887475,1.2843804143401927,0.37,12278,28080
Data/TestData3,0.24,0.25,90,0.08,0.18515273067887475,1.2843804143401927,0.37,12278,28080
Data/TestData3,0.24,0.25,90,0.1,0.18515273067887475,1.2843804143401927,0.37,12278,28080
Data/TestData3,0.24,0.25,95,0.06,0.14805799822124785,1.1722184642750033,0.26,7050,26880
Data/TestData3,0.24,0.25,95,0.08,0.14805799822124785,1.1722184642750033,0.26,7050,26880
Data/TestData3,0.24,0.25,95,0.1,0.14805799822124785,1.1722184642750033,0.26,7050,26880
Data/TestData3,0.24,0.35,85,0.06,0.19699102302990268,1.2661676568770728,0.37,16941,27960
Data/TestData3,0.24,0.35,85,0.08,0.19699102302990268,1.2661676568770728,0.37,16941,27960
Data/TestData3,0.24,0.35,85,0.1,0.19699102302990268,1.2661676568770728,0.37,16941,27960
Data/TestData3,0.24,0.35,90,0.06,0.18515273067887475,1.2843804143401927,0.37,12278,28080
Data/TestData3,0.24,0.35,90,0.08,0.18515273067887475,1.2843804143401927,0.37,12278,28080
Data/TestData3,0.24,0.35,90,0.1,0.18515273067887475,1.2843804143401927,0.37,12278,28080
Data/TestData3,0.24,0.35,95,0.06,0.14805799822124785,1.1722184642750033,0.26,7050,26880
Data/TestData3,0.24,0.35,95,0.08,0.14805799822124785,1.1722184642750033,0.26,7050,26880
Data/TestData3,0.24,0.35,95,0.1,0.14805799822124785,1.1722184642750033,0.26,7050,26880
Data/TestData4,0.12,0.15,85,0.06,-0.34661263108224954,2.010173278588076,0.31,29082,40446
Data/TestData4,0.12,0.15,85,0.08,-0.34661263108224954,2.010173278588076,0.31,29082,40446
Data/TestData4,0.12,0.15,85,0.1,-0.34661263108224954,2.010173278588076,0.31,29082,40446
Data/TestData4,0.12,0.15,90,0.06,-0.3522969173169187,1.8650721804875672,0.21,15222,38682
Data/TestData4,0.12,0.15,90,0.08,-0.3522969173169187,1.8650721804875672,0.21,15222,38682
Data/TestData4,0.12,0.15,90,0.1,-0.3522969173169187,1.8650721804875672,0.21,15222,38682
Data/TestData4,0.12,0.15,95,0.06,-0.28602462905831305,1.8092686600897123,0.24,9436,37926
Data/TestData4,0.12,0.15,95,0.08,-0.28602462905831305,1.8092686600897123,0.24,9436,37926
Data/TestData4,0.12,0.15,95,0.1,-0.28602462905831305,1.8092686600897123,0.24,9436,37926
Data/TestData4,0.12,0.25,85,0.06,-0.34661263108224954,2.010173278588076,0.31,29082,40446
Data/TestData4,0.12,0.25,85,0.08,-0.34661263108224954,2.010173278588076,0.31,29082,40446
Data/TestData4,0.12,0.25,85,0.1,-0.34661263108224954,2.010173278588076,0.31,29082,40446
Data/TestData4,0.12,0.25,90,0.06,-0.3522969173169187,1.8650721804875672,0.21,15222,38682
Data/TestData4,0.12,0.25,90,0.08,-0.3522969173169187,1.8650721804875672,0.21,15222,38682
Data/TestData4,0.12,0.25,90,0.1,-0.3522969173169187,1.8650721804875672,0.21,15222,38682
Data/TestData4,0.12,0.25,95,0.06,-0.28602462905831305,1.8092686600897123,0.24,9436,37926
Data/TestData4,0.12,0.25,95,0.08,-0.28602462905831305,1.8092686600897123,0.24,9436,37926
Data/TestData4,0.12,0.25,95,0.1,-0.28602462905831305,1.8092686600897123,0.24,9436,37926
Data/TestData4,0.12,0.35,85,0.06,-0.34661263108224954,2.010173278588076,0.31,29082,40446
Data/TestData4,0.12,0.35,85,0.08,-0.34661263108224954,2.010173278588076,0.31,29082,40446
Data/TestData4,0.12,0.35,85,0.1,-0.34661263108224954,2.010173278588076,0.31,29082,40446
Data/TestData4,0.12,0.35,90,0.06,-0.3522969173169187,1.8650721804875672,0.21,15222,38682
Data/TestData4,0.12,0.35,90,0.08,-0.3522969173169187,1.8650721804875672,0.21,15222,38682
Data/TestData4,0.12,0.35,90,0.1,-0.3522969173169187,1.8650721804875672,0.21,15222,38682
Data/TestData4,0.12,0.35,95,0.06,-0.28602462905831305,1.8092686600897123,0.24,9436,37926
Data/TestData4,0.12,0.35,95,0.08,-0.28602462905831305,1.8092686600897123,0.24,9436,37926
Data/TestData4,0.12,0.35,95,0.1,-0.28602462905831305,1.8092686600897123,0.24,9436,37926
Data/TestData4,0.18,0.15,85,0.06,-0.34661263108224954,2.010173278588076,0.31,29082,40446
Data/TestData4,0.18,0.15,85,0.08,-0.34661263108224954,2.010173278588076,0.31,29082,40446
Data/TestData4,0.18,0.15,85,0.1,-0.34661263108224954,2.010173278588076,0.31,29082,40446
Data/TestData4,0.18,0.15,90,0.06,-0.3522969173169187,1.8650721804875672,0.21,15222,38682
Data/TestData4,0.18,0.15,90,0.08,-0.3522969173169187,1.8650721804875672,0.21,15222,38682
Data/TestData4,0.18,0.15,90,0.1,-0.3522969173169187,1.8650721804875672,0.21,15222,38682
Data/TestData4,0.18,0.15,95,0.06,-0.28602462905831305,1.8092686600897123,0.24,9436,37926
Data/TestData4,0.18,0.15,95,0.08,-0.28602462905831305,1.8092686600897123,0.24,9436,37926
Data/TestData4,0.18,0.15,95,0.1,-0.28602462905831305,1.8092686600897123,0.24,9436,37926
Data/TestData4,0.18,0.25,85,0.06,-0.34661263108224954,2.010173278588076,0.31,29082,40446
Data/TestData4,0.18,0.25,85,0.08,-0.34661263108224954,2.010173278588076,0.31,29082,40446
Data/TestData4,0.18,0.25,85,0.1,-0.34661263108224954,2.010173278588076,0.31,29082,40446
Data/TestData4,0.18,0.25,90,0.06,-0.3522969173169187,1.8650721804875672,0.21,15222,38682
Data/TestData4,0.18,0.25,90,0.08,-0.3522969173169187,1.8650721804875672,0.21,15222,38682
Data/TestData4,0.18,0.25,90,0.1,-0.3522969173169187,1.8650721804875672,0.21,15222,38682
Data/TestData4,0.18,0.25,95,0.06,-0.28602462905831305,1.8092686600897123,0.24,9436,37926
Data/TestData4,0.18,0.25,95,0.08,-0.28602462905831305,1.8092686600897123,0.24,9436,37926
Data/TestData4,0.18,0.25,95,0.1,-0.28602462905831305,1.8092686600897123,0.24,9436,37926
Data/TestData4,0.18,0.35,85,0.06,-0.34661263108224954,2.010173278588076,0.31,29082,40446
Data/TestData4,0.18,0.35,85,0.08,-0.34661263108224954,2.010173278588076,0.31,29082,40446
Data/TestData4,0.18,0.35,85,0.1,-0.34661263108224954,2.010173278588076,0.31,29082,40446
Data/TestData4,0.18,0.35,90,0.06,-0.3522969173169187,1.8650721804875672,0.21,15222,38682
Data/TestData4,0.18,0.35,90,0.08,-0.3522969173169187,1.8650721804875672,0.21,15222,38682
Data/TestData4,0.18,0.35,90,0.1,-0.3522969173169187,1.8650721804875672,0.21,15222,38682
Data/TestData4,0.18,0.35,95,0.06,-0.28602462905831305,1.8092686600897123,0.24,9436,37926
Data/TestData4,0.18,0.35,95,0.08,-0.28602462905831305,1.8092686600897123,0.24,9436,37926
Data/TestData4,0.18,0.35,95,0.1,-0.28602462905831305,1.8092686600897123,0.24,9436,37926
Data/TestData4,0.24,0.15,85,0.06,-0.34661263108224954,2.010173278588076,0.31,29082,40446
Data/TestData4,0.24,0.15,85,0.08,-0.34661263108224954,2.010173278588076,0.31,29082,40446
Data/TestData4,0.24,0.15,85,0.1,-0.34661263108224954,2.010173278588076,0.31,29082,40446
Data/TestData4,0.24,0.15,90,0.06,-0.3522969173169187,1.8650721804875672,0.21,15222,38682
Data/TestData4,0.24,0.15,90,0.08,-0.3522969173169187,1.8650721804875672,0.21,15222,38682
Data/TestData4,0.24,0.15,90,0.1,-0.3522969173169187,1.8650721804875672,0.21,15222,38682
Data/TestData4,0.24,0.15,95,0.06,-0.28602462905831305,1.8092686600897123,0.24,9436,37926
Data/TestData4,0.24,0.15,95,0.08,-0.28602462905831305,1.8092686600897123,0.24,9436,37926
Data/TestData4,0.24,0.15,95,0.1,-0.28602462905831305,1.8092686600897123,0.24,9436,37926
Data/TestData4,0.24,0.25,85,0.06,-0.34661263108224954,2.010173278588076,0.31,29082,40446
Data/TestData4,0.24,0.25,85,0.08,-0.34661263108224954,2.010173278588076,0.31,29082,40446
Data/TestData4,0.24,0.25,85,0.1,-0.34661263108224954,2.010173278588076,0.31,29082,40446
Data/TestData4,0.24,0.25,90,0.06,-0.3522969173169187,1.8650721804875672,0.21,15222,38682
Data/TestData4,0.24,0.25,90,0.08,-0.3522969173169187,1.8650721804875672,0.21,15222,38682
Data/TestData4,0.24,0.25,90,0.1,-0.3522969173169187,1.8650721804875672,0.21,15222,38682
Data/TestData4,0.24,0.25,95,0.06,-0.28602462905831305,1.8092686600897123,0.24,9436,37926
Data/TestData4,0.24,0.25,95,0.08,-0.28602462905831305,1.8092686600897123,0.24,9436,37926
Data/TestData4,0.24,0.25,95,0.1,-0.28602462905831305,1.8092686600897123,0.24,9436,37926
Data/TestData4,0.24,0.35,85,0.06,-0.34661263108224954,2.010173278588076,0.31,29082,40446
Data/TestData4,0.24,0.35,85,0.08,-0.34661263108224954,2.010173278588076,0.31,29082,40446
Data/TestData4,0.24,0.35,85,0.1,-0.34661263108224954,2.010173278588076,0.31,29082,40446
Data/TestData4,0.24,0.35,90,0.06,-0.3522969173169187,1.8650721804875672,0.21,15222,38682
Data/TestData4,0.24,0.35,90,0.08,-0.3522969173169187,1.8650721804875672,0.21,15222,38682
Data/TestData4,0.24,0.35,90,0.1,-0.3522969173169187,1.8650721804875672,0.21,15222,38682
Data/TestData4,0.24,0.35,95,0.06,-0.28602462905831305,1.8092686600897123,0.24,9436,37926
Data/TestData4,0.24,0.35,95,0.08,-0.28602462905831305,1.8092686600897123,0.24,9436,37926
Data/TestData4,0.24,0.35,95,0.1,-0.28602462905831305,1.8092686600897123,0.24,9436,37926
Data/TestData5,0.12,0.15,85,0.06,-0.3037133281003747,1.9134051201544227,0.29,15996,50886
Data/TestData5,0.12,0.15,85,0.08,-0.3037133281003747,1.9134051201544227,0.29,15996,50886
Data/TestData5,0.12,0.15,85,0.1,-0.3037133281003747,1.9134051201544227,0.29,15996,50886
Data/TestData5,0.12,0.15,90,0.06,-0.17794513266870005,1.7506848194903077,0.31,12996,48312
Data/TestData5,0.12,0.15,90,0.08,-0.17794513266870005,1.7506848194903077,0.31,12996,48312
Data/TestData5,0.12,0.15,90,0.1,-0.17794513266870005,1.7506848194903077,0.31,12996,48312
Data/TestData5,0.12,0.15,95,0.06,-0.041625394356444745,1.4794236836252996,0.27,5010,45342
Data/TestData5,0.12,0.15,95,0.08,-0.041625394356444745,1.4794236836252996,0.27,5010,45342
Data/TestData5,0.12,0.15,95,0.1,-0.041625394356444745,1.4794236836252996,0.27,5010,45342
Data/TestData5,0.12,0.25,85,0.06,-0.3037133281003747,1.9134051201544227,0.29,15996,50886
Data/TestData5,0.12,0.25,85,0.08,-0.3037133281003747,1.9134051201544227,0.29,15996,50886
Data/TestData5,0.12,0.25,85,0.1,-0.3037133281003747,1.9134051201544227,0.29,15996,50886
Data/TestData5,0.12,0.25,90,0.06,-0.17794513266870005,1.7506848194903077,0.31,12996,48312
Data/TestData5,0.12,0.25,90,0.08,-0.17794513266870005,1.7506848194903077,0.31,12996,48312
Data/TestData5,0.12,0.25,90,0.1,-0.17794513266870005,1.7506848194903077,0.31,12996,48312
Data/TestData5,0.12,0.25,95,0.06,-0.041625394356444745,1.4794236836252996,0.27,5010,45342
Data/TestData5,0.12,0.25,95,0.08,-0.041625394356444745,1.4794236836252996,0.27,5010,45342
Data/TestData5,0.12,0.25,95,0.1,-0.041625394356444745,1.4794236836252996,0.27,5010,45342
Data/TestData5,0.12,0.35,85,0.06,-0.3037133281003747,1.9134051201544227,0.29,15996,50886
Data/TestData5,0.12,0.35,85,0.08,-0.3037133281003747,1.9134051201544227,0.29,15996,50886
Data/TestData5,0.12,0.35,85,0.1,-0.3037133281003747,1.9134051201544227,0.29,15996,50886
Data/TestData5,0.12,0.35,90,0.06,-0.17794513266870005,1.7506848194903077,0.31,12996,48312
Data/TestData5,0.12,0.35,90,0.08,-0.17794513266870005,1.7506848194903077,0.31,12996,48312
Data/TestData5,0.12,0.35,90,0.1,-0.17794513266870005,1.7506848194903077,0.31,12996,48312
Data/TestData5,0.12,0.35,95,0.06,-0.041625394356444745,1.4794236836252996,0.27,5010,45342
Data/TestData5,0.12,0.35,95,0.08,-0.041625394356444745,1.4794236836252996,0.27,5010,45342
Data/TestData5,0.12,0.35,95,0.1,-0.041625394356444745,1.4794236836252996,0.27,5010,45342
Data/TestData5,0.18,0.15,85,0.06,-0.3037133281003747,1.9134051201544227,0.29,15996,50886
Data/TestData5,0.18,0.15,85,0.08,-0.3037133281003747,1.9134051201544227,0.29,15996,50886
Data/TestData5,0.18,0.15,85,0.1,-0.3037133281003747,1.9134051201544227,0.29,15996,50886
Data/TestData5,0.18,0.15,90,0.06,-0.17794513266870005,1.7506848194903077,0.31,12996,48312
Data/TestData5,0.18,0.15,90,0.08,-0.17794513266870005,1.7506848194903077,0.31,12996,48312
Data/TestData5,0.18,0.15,90,0.1,-0.17794513266870005,1.7506848194903077,0.31,12996,48312
Data/TestData5,0.18,0.15,95,0.06,-0.041625394356444745,1.4794236836252996,0.27,5010,45342
Data/TestData5,0.18,0.15,95,0.08,-0.041625394356444745,1.4794236836252996,0.27,5010,45342
Data/TestData5,0.18,0.15,95,0.1,-0.041625394356444745,1.4794236836252996,0.27,5010,45342
Data/TestData5,0.18,0.25,85,0.06,-0.3037133281003747,1.9134051201544227,0.29,15996,50886
Data/TestData5,0.18,0.25,85,0.08,-0.3037133281003747,1.9134051201544227,0.29,15996,50886
Data/TestData5,0.18,0.25,85,0.1,-0.3037133281003747,1.9134051201544227,0.29,15996,50886
Data/TestData5,0.18,0.25,90,0.06,-0.17794513266870005,1.7506848194903077,0.31,12996,48312
Data/TestData5,0.18,0.25,90,0.08,-0.17794513266870005,1.7506848194903077,0.31,12996,48312
Data/TestData5,0.18,0.25,90,0.1,-0.17794513266870005,1.7506848194903077,0.31,12996,48312
Data/TestData5,0.18,0.25,95,0.06,-0.041625394356444745,1.4794236836252996,0.27,5010,45342
Data/TestData5,0.18,0.25,95,0.08,-0.041625394356444745,1.4794236836252996,0.27,5010,45342
Data/TestData5,0.18,0.25,95,0.1,-0.041625394356444745,1.4794236836252996,0.27,5010,45342
Data/TestData5,0.18,0.35,85,0.06,-0.3037133281003747,1.9134051201544227,0.29,15996,50886
Data/TestData5,0.18,0.35,85,0.08,-0.3037133281003747,1.9134051201544227,0.29,15996,50886
Data/TestData5,0.18,0.35,85,0.1,-0.3037133281003747,1.9134051201544227,0.29,15996,50886
Data/TestData5,0.18,0.35,90,0.06,-0.17794513266870005,1.7506848194903077,0.31,12996,48312
Data/TestData5,0.18,0.35,90,0.08,-0.17794513266870005,1.7506848194903077,0.31,12996,48312
Data/TestData5,0.18,0.35,90,0.1,-0.17794513266870005,1.7506848194903077,0.31,12996,48312
Data/TestData5,0.18,0.35,95,0.06,-0.041625394356444745,1.4794236836252996,0.27,5010,45342
Data/TestData5,0.18,0.35,95,0.08,-0.041625394356444745,1.4794236836252996,0.27,5010,45342
Data/TestData5,0.18,0.35,95,0.1,-0.041625394356444745,1.4794236836252996,0.27,5010,45342
Data/TestData5,0.24,0.15,85,0.06,-0.3037133281003747,1.9134051201544227,0.29,15996,50886
Data/TestData5,0.24,0.15,85,0.08,-0.3037133281003747,1.9134051201544227,0.29,15996,50886
Data/TestData5,0.24,0.15,85,0.1,-0.3037133281003747,1.9134051201544227,0.29,15996,50886
Data/TestData5,0.24,0.15,90,0.06,-0.17794513266870005,1.7506848194903077,0.31,12996,48312
Data/TestData5,0.24,0.15,90,0.08,-0.17794513266870005,1.7506848194903077,0.31,12996,48312
Data/TestData5,0.24,0.15,90,0.1,-0.17794513266870005,1.7506848194903077,0.31,12996,48312
Data/TestData5,0.24,0.15,95,0.06,-0.041625394356444745,1.4794236836252996,0.27,5010,45342
Data/TestData5,0.24,0.15,95,0.08,-0.041625394356444745,1.4794236836252996,0.27,5010,45342
Data/TestData5,0.24,0.15,95,0.1,-0.041625394356444745,1.4794236836252996,0.27,5010,45342
Data/TestData5,0.24,0.25,85,0.06,-0.3037133281003747,1.9134051201544227,0.29,15996,50886
Data/TestData5,0.24,0.25,85,0.08,-0.3037133281003747,1.9134051201544227,0.29,15996,50886
Data/TestData5,0.24,0.25,85,0.1,-0.3037133281003747,1.9134051201544227,0.29,15996,50886
Data/TestData5,0.24,0.25,90,0.06,-0.17794513266870005,1.7506848194903077,0.31,12996,48312
Data/TestData5,0.24,0.25,90,0.08,-0.17794513266870005,1.7506848194903077,0.31,12996,48312
Data/TestData5,0.24,0.25,90,0.1,-0.17794513266870005,1.7506848194903077,0.31,12996,48312
Data/TestData5,0.24,0.25,95,0.06,-0.041625394356444745,1.4794236836252996,0.27,5010,45342
Data/TestData5,0.24,0.25,95,0.08,-0.041625394356444745,1.4794236836252996,0.27,5010,45342
Data/TestData5,0.24,0.25,95,0.1,-0.041625394356444745,1.4794236836252996,0.27,5010,45342
Data/TestData5,0.24,0.35,85,0.06,-0.3037133281003747,1.9134051201544227,0.29,15996,50886
Data/TestData5,0.24,0.35,85,0.08,-0.3037133281003747,1.9134051201544227,0.29,15996,50886
Data/TestData5,0.24,0.35,85,0.1,-0.3037133281003747,1.9134051201544227,0.29,15996,50886
Data/TestData5,0.24,0.35,90,0.06,-0.17794513266870005,1.7506848194903077,0.31,12996,48312
Data/TestData5,0.24,0.35,90,0.08,-0.17794513266870005,1.7506848194903077,0.31,12996,48312
Data/TestData5,0.24,0.35,90,0.1,-0.17794513266870005,1.7506848194903077,0.31,12996,48312
Data/TestData5,0.24,0.35,95,0.06,-0.041625394356444745,1.4794236836252996,0.27,5010,45342
Data/TestData5,0.24,0.35,95,0.08,-0.041625394356444745,1.4794236836252996,0.27,5010,45342
Data/TestData5,0.24,0.35,95,0.1,-0.041625394356444745,1.4794236836252996,0.27,5010,45342
